case,species,series,time_h,value
calibration,sulfide,measured,0.0,9.0
calibration,sulfide,measured,0.166667,3.0
calibration,sulfide,measured,0.333333,1.0
calibration,sulfide,measured,0.5,0.9
calibration,sulfide,measured,1.0,0.35
calibration,sulfide,measured,2.0,0.0
calibration,sulfide,measured,2.166667,0.06
calibration,sulfide,measured,2.5,0.0
calibration,sulfide,measured,3.0,0.8
calibration,sulfide,measured,4.0,2.25
calibration,sulfide,measured,4.166667,2.75
calibration,sulfide,model,0.0,9.0
calibration,sulfide,model,7.8e-05,8.997422
calibration,sulfide,model,0.00047,8.984537
calibration,sulfide,model,0.001859,8.938851
calibration,sulfide,model,0.003503,8.88485
calibration,sulfide,model,0.005566,8.817186
calibration,sulfide,model,0.008139,8.73297
calibration,sulfide,model,0.011345,8.62826
calibration,sulfide,model,0.015373,8.497116
calibration,sulfide,model,0.020721,8.323649
calibration,sulfide,model,0.027874,8.09296
calibration,sulfide,model,0.037551,7.783242
calibration,sulfide,model,0.050813,7.363528
calibration,sulfide,model,0.069249,6.789715
calibration,sulfide,model,0.095322,5.999354
calibration,sulfide,model,0.133189,4.902612
calibration,sulfide,model,0.180688,3.632313
calibration,sulfide,model,0.220809,2.675346
calibration,sulfide,model,0.254377,1.976562
calibration,sulfide,model,0.282791,1.47036
calibration,sulfide,model,0.307277,1.103272
calibration,sulfide,model,0.328892,0.834384
calibration,sulfide,model,0.348494,0.63452
calibration,sulfide,model,0.366734,0.483812
calibration,sulfide,model,0.384102,0.368859
calibration,sulfide,model,0.400965,0.28048
calibration,sulfide,model,0.417613,0.212229
calibration,sulfide,model,0.434286,0.159455
calibration,sulfide,model,0.451189,0.118712
calibration,sulfide,model,0.468509,0.087391
calibration,sulfide,model,0.486426,0.063478
calibration,sulfide,model,0.505118,0.04539
calibration,sulfide,model,0.524772,0.031872
calibration,sulfide,model,0.54559,0.021916
calibration,sulfide,model,0.567797,0.014712
calibration,sulfide,model,0.591655,0.009608
calibration,sulfide,model,0.617471,0.006081
calibration,sulfide,model,0.645622,0.003714
calibration,sulfide,model,0.676573,0.002181
calibration,sulfide,model,0.710923,0.001229
calibration,sulfide,model,0.749453,0.000712
calibration,sulfide,model,0.79139,0.000495
calibration,sulfide,model,0.845348,0.000365
calibration,sulfide,model,0.932056,0.000269
calibration,sulfide,model,1.016695,0.000226
calibration,sulfide,model,1.094589,0.000207
calibration,sulfide,model,1.165751,0.0002
calibration,sulfide,model,1.230817,0.000206
calibration,sulfide,model,1.290431,0.000235
calibration,sulfide,model,1.34522,0.000281
calibration,sulfide,model,1.395726,0.000341
calibration,sulfide,model,1.442398,0.000419
calibration,sulfide,model,1.485627,0.000518
calibration,sulfide,model,1.525756,0.000643
calibration,sulfide,model,1.563089,0.000801
calibration,sulfide,model,1.597883,0.000999
calibration,sulfide,model,1.630315,0.001246
calibration,sulfide,model,1.660642,0.001554
calibration,sulfide,model,1.689108,0.001934
calibration,sulfide,model,1.71595,0.002405
calibration,sulfide,model,1.741401,0.002988
calibration,sulfide,model,1.765691,0.003709
calibration,sulfide,model,1.789051,0.004604
calibration,sulfide,model,1.811708,0.00572
calibration,sulfide,model,1.833886,0.00712
calibration,sulfide,model,1.855804,0.00889
calibration,sulfide,model,1.877676,0.011144
calibration,sulfide,model,1.899711,0.014038
calibration,sulfide,model,1.922115,0.017784
calibration,sulfide,model,1.945093,0.022661
calibration,sulfide,model,1.968857,0.029038
calibration,sulfide,model,1.993625,0.037389
calibration,sulfide,model,2.019629,0.048292
calibration,sulfide,model,2.046915,0.062303
calibration,sulfide,model,2.072921,0.078191
calibration,sulfide,model,2.098628,0.096264
calibration,sulfide,model,2.124546,0.116683
calibration,sulfide,model,2.151019,0.139526
calibration,sulfide,model,2.178328,0.164835
calibration,sulfide,model,2.206733,0.192643
calibration,sulfide,model,2.236493,0.222984
calibration,sulfide,model,2.267951,0.25588
calibration,sulfide,model,2.300482,0.290384
calibration,sulfide,model,2.336111,0.328498
calibration,sulfide,model,2.374207,0.369472
calibration,sulfide,model,2.415429,0.413952
calibration,sulfide,model,2.460379,0.462538
calibration,sulfide,model,2.509831,0.516022
calibration,sulfide,model,2.564818,0.575466
calibration,sulfide,model,2.626799,0.642379
calibration,sulfide,model,2.698053,0.719129
calibration,sulfide,model,2.782919,0.810229
calibration,sulfide,model,2.878919,0.912809
calibration,sulfide,model,2.974919,1.014832
calibration,sulfide,model,3.070919,1.116255
calibration,sulfide,model,3.166919,1.217045
calibration,sulfide,model,3.262919,1.317172
calibration,sulfide,model,3.358919,1.416613
calibration,sulfide,model,3.454919,1.515347
calibration,sulfide,model,3.550919,1.613355
calibration,sulfide,model,3.646919,1.710617
calibration,sulfide,model,3.742919,1.807116
calibration,sulfide,model,3.838919,1.902837
calibration,sulfide,model,3.934919,1.997762
calibration,sulfide,model,4.030919,2.091877
calibration,sulfide,model,4.126919,2.185167
calibration,sulfide,model,4.222919,2.277617
calibration,sulfide,model,4.318919,2.369211
calibration,sulfide,model,4.414919,2.459937
calibration,sulfide,model,4.510919,2.54978
calibration,sulfide,model,4.606919,2.638726
calibration,sulfide,model,4.702919,2.726761
calibration,sulfide,model,4.798919,2.813873
calibration,sulfide,model,4.8,2.814848
calibration,sulfate,measured,0.0,3.666667
calibration,sulfate,measured,0.166667,2.666667
calibration,sulfate,measured,0.333333,7.0
calibration,sulfate,measured,0.5,7.666667
calibration,sulfate,measured,1.0,10.333333
calibration,sulfate,measured,2.0,19.333333
calibration,sulfate,measured,2.166667,21.0
calibration,sulfate,measured,2.5,23.0
calibration,sulfate,measured,3.0,22.5
calibration,sulfate,measured,4.0,17.333333
calibration,sulfate,measured,4.166667,16.5
calibration,sulfate,model,0.0,4.0
calibration,sulfate,model,0.166667,5.88507
calibration,sulfate,model,0.333333,7.745174
calibration,sulfate,model,0.5,9.565002
calibration,sulfate,model,0.666667,11.330348
calibration,sulfate,model,0.833333,13.028079
calibration,sulfate,model,1.0,14.643349
calibration,sulfate,model,1.166667,16.158113
calibration,sulfate,model,1.333333,17.550784
calibration,sulfate,model,1.5,18.796693
calibration,sulfate,model,1.666667,19.869867
calibration,sulfate,model,1.833333,20.746896
calibration,sulfate,model,2.0,21.413218
calibration,sulfate,model,2.166667,21.870653
calibration,sulfate,model,2.333333,22.142544
calibration,sulfate,model,2.5,22.270008
calibration,sulfate,model,2.666666,22.291968
calibration,sulfate,model,2.833333,22.212769
calibration,sulfate,model,3.0,21.992144
calibration,sulfate,model,3.166666,21.606396
calibration,sulfate,model,3.333333,21.107416
calibration,sulfate,model,3.5,20.57027
calibration,sulfate,model,3.666666,20.030922
calibration,sulfate,model,3.833333,19.497685
calibration,sulfate,model,4.0,18.973919
calibration,sulfate,model,4.166666,18.461704
calibration,VFA,measured,0.0,28.2
calibration,VFA,measured,0.166667,24.2
calibration,VFA,measured,0.333333,20.0
calibration,VFA,measured,0.5,15.5
calibration,VFA,measured,1.0,12.4
calibration,VFA,measured,2.0,13.9
calibration,VFA,measured,2.166667,14.5
calibration,VFA,measured,2.5,12.5
calibration,VFA,measured,3.0,14.1
calibration,VFA,measured,4.0,12.9
calibration,VFA,measured,4.166667,12.9
calibration,VFA,model,0.0,28.2
calibration,VFA,model,7.8e-05,28.198266
calibration,VFA,model,0.00047,28.189598
calibration,VFA,model,0.001859,28.158853
calibration,VFA,model,0.003503,28.122482
calibration,VFA,model,0.005566,28.076866
calibration,VFA,model,0.008139,28.020021
calibration,VFA,model,0.011345,27.949235
calibration,VFA,model,0.015373,27.860402
calibration,VFA,model,0.020721,27.742588
calibration,VFA,model,0.027874,27.585334
calibration,VFA,model,0.037551,27.3731
calibration,VFA,model,0.050813,27.083275
calibration,VFA,model,0.069249,26.68234
calibration,VFA,model,0.095322,26.119348
calibration,VFA,model,0.133189,25.310491
calibration,VFA,model,0.180688,24.31141
calibration,VFA,model,0.220809,23.481667
calibration,VFA,model,0.254377,22.797802
calibration,VFA,model,0.282791,22.226546
calibration,VFA,model,0.307277,21.739956
calibration,VFA,model,0.328892,21.314835
calibration,VFA,model,0.348494,20.932933
calibration,VFA,model,0.366734,20.580653
calibration,VFA,model,0.384102,20.248049
calibration,VFA,model,0.400965,19.927746
calibration,VFA,model,0.417613,19.614092
calibration,VFA,model,0.434286,19.302583
calibration,VFA,model,0.451189,18.989463
calibration,VFA,model,0.468509,18.671461
calibration,VFA,model,0.486426,18.345599
calibration,VFA,model,0.505118,18.009052
calibration,VFA,model,0.524772,17.659032
calibration,VFA,model,0.54559,17.292683
calibration,VFA,model,0.567797,16.906995
calibration,VFA,model,0.591655,16.498695
calibration,VFA,model,0.617471,16.064142
calibration,VFA,model,0.645622,15.599201
calibration,VFA,model,0.676573,15.099096
calibration,VFA,model,0.710923,14.558243
calibration,VFA,model,0.749453,13.970072
calibration,VFA,model,0.79139,13.353181
calibration,VFA,model,0.845348,12.597203
calibration,VFA,model,0.932056,11.478144
calibration,VFA,model,1.016695,10.510443
calibration,VFA,model,1.094589,9.740351
calibration,VFA,model,1.165751,9.148475
calibration,VFA,model,1.230817,8.710562
calibration,VFA,model,1.290431,8.405539
calibration,VFA,model,1.34522,8.215878
calibration,VFA,model,1.395726,8.127621
calibration,VFA,model,1.442398,8.129705
calibration,VFA,model,1.485627,8.213173
calibration,VFA,model,1.525756,8.370578
calibration,VFA,model,1.563089,8.595423
calibration,VFA,model,1.597883,8.88152
calibration,VFA,model,1.630315,9.221864
calibration,VFA,model,1.660642,9.609795
calibration,VFA,model,1.689108,10.03836
calibration,VFA,model,1.71595,10.500299
calibration,VFA,model,1.741401,10.988186
calibration,VFA,model,1.765691,11.494648
calibration,VFA,model,1.789051,12.012599
calibration,VFA,model,1.811708,12.535385
calibration,VFA,model,1.833886,13.056819
calibration,VFA,model,1.855804,13.571122
calibration,VFA,model,1.877676,14.072815
calibration,VFA,model,1.899711,14.556639
calibration,VFA,model,1.922115,15.017533
calibration,VFA,model,1.945093,15.450715
calibration,VFA,model,1.968857,15.851855
calibration,VFA,model,1.993625,16.217323
calibration,VFA,model,2.019629,16.544485
calibration,VFA,model,2.046915,16.82999
calibration,VFA,model,2.072921,17.05329
calibration,VFA,model,2.098628,17.233974
calibration,VFA,model,2.124546,17.382546
calibration,VFA,model,2.151019,17.505964
calibration,VFA,model,2.178328,17.609405
calibration,VFA,model,2.206733,17.696943
calibration,VFA,model,2.236493,17.771873
calibration,VFA,model,2.267951,17.837137
calibration,VFA,model,2.300482,17.893493
calibration,VFA,model,2.336111,17.945564
calibration,VFA,model,2.374207,17.99286
calibration,VFA,model,2.415429,18.036578
calibration,VFA,model,2.460379,18.077285
calibration,VFA,model,2.509831,18.115196
calibration,VFA,model,2.564818,18.150114
calibration,VFA,model,2.626799,18.18133
calibration,VFA,model,2.698053,18.207391
calibration,VFA,model,2.782919,18.225508
calibration,VFA,model,2.878919,18.229842
calibration,VFA,model,2.974919,18.217714
calibration,VFA,model,3.070919,18.18976
calibration,VFA,model,3.166919,18.146591
calibration,VFA,model,3.262919,18.088812
calibration,VFA,model,3.358919,18.017026
calibration,VFA,model,3.454919,17.931835
calibration,VFA,model,3.550919,17.833841
calibration,VFA,model,3.646919,17.723641
calibration,VFA,model,3.742919,17.60183
calibration,VFA,model,3.838919,17.468996
calibration,VFA,model,3.934919,17.325717
calibration,VFA,model,4.030919,17.172563
calibration,VFA,model,4.126919,17.010094
calibration,VFA,model,4.222919,16.838855
calibration,VFA,model,4.318919,16.659382
calibration,VFA,model,4.414919,16.472192
calibration,VFA,model,4.510919,16.27779
calibration,VFA,model,4.606919,16.076666
calibration,VFA,model,4.702919,15.869291
calibration,VFA,model,4.798919,15.656123
calibration,VFA,model,4.8,15.653692
calibration,nitrate,measured,0.0,30.3
calibration,nitrate,measured,0.166667,23.5
calibration,nitrate,measured,0.333333,16.8
calibration,nitrate,measured,0.5,13.8
calibration,nitrate,measured,1.0,7.0
calibration,nitrate,measured,2.0,0.0
calibration,nitrate,measured,2.166667,0.0
calibration,nitrate,measured,2.5,0.0
calibration,nitrate,measured,3.0,0.0
calibration,nitrate,measured,4.0,0.0
calibration,nitrate,measured,4.166667,0.0
calibration,nitrate,model,0.0,30.0
calibration,nitrate,model,7.8e-05,29.997592
calibration,nitrate,model,0.00047,29.985552
calibration,nitrate,model,0.001859,29.942848
calibration,nitrate,model,0.003503,29.89233
calibration,nitrate,model,0.005566,29.82897
calibration,nitrate,model,0.008139,29.750015
calibration,nitrate,model,0.011345,29.651697
calibration,nitrate,model,0.015373,29.528316
calibration,nitrate,model,0.020721,29.364692
calibration,nitrate,model,0.027874,29.146311
calibration,nitrate,model,0.037551,28.851635
calibration,nitrate,model,0.050813,28.449369
calibration,nitrate,model,0.069249,27.893286
calibration,nitrate,model,0.095322,27.113633
calibration,nitrate,model,0.133189,25.997428
calibration,nitrate,model,0.180688,24.629507
calibration,nitrate,model,0.220809,23.508217
calibration,nitrate,model,0.254377,22.599055
calibration,nitrate,model,0.282791,21.853246
calibration,nitrate,model,0.307277,21.229573
calibration,nitrate,model,0.328892,20.694159
calibration,nitrate,model,0.348494,20.220774
calibration,nitrate,model,0.366734,19.790146
calibration,nitrate,model,0.384102,19.38834
calibration,nitrate,model,0.400965,19.00512
calibration,nitrate,model,0.417613,18.632709
calibration,nitrate,model,0.434286,18.264949
calibration,nitrate,model,0.451189,17.896742
calibration,nitrate,model,0.468509,17.523665
calibration,nitrate,model,0.486426,17.141703
calibration,nitrate,model,0.505118,16.747042
calibration,nitrate,model,0.524772,16.335903
calibration,nitrate,model,0.54559,15.904392
calibration,nitrate,model,0.567797,15.448353
calibration,nitrate,model,0.591655,14.963201
calibration,nitrate,model,0.617471,14.443736
calibration,nitrate,model,0.645622,13.883901
calibration,nitrate,model,0.676573,13.276478
calibration,nitrate,model,0.710923,12.612677
calibration,nitrate,model,0.749453,11.881579
calibration,nitrate,model,0.79139,11.102855
calibration,nitrate,model,0.845348,10.128668
calibration,nitrate,model,0.932056,8.63401
calibration,nitrate,model,1.016695,7.267172
calibration,nitrate,model,1.094589,6.097258
calibration,nitrate,model,1.165751,5.10779
calibration,nitrate,model,1.230817,4.273285
calibration,nitrate,model,1.290431,3.570244
calibration,nitrate,model,1.34522,2.977815
calibration,nitrate,model,1.395726,2.478462
calibration,nitrate,model,1.442398,2.057737
calibration,nitrate,model,1.485627,1.703531
calibration,nitrate,model,1.525756,1.405717
calibration,nitrate,model,1.563089,1.155806
calibration,nitrate,model,1.597883,0.946731
calibration,nitrate,model,1.630315,0.772782
calibration,nitrate,model,1.660642,0.62853
calibration,nitrate,model,1.689108,0.50934
calibration,nitrate,model,1.71595,0.41123
calibration,nitrate,model,1.741401,0.330772
calibration,nitrate,model,1.765691,0.265012
calibration,nitrate,model,1.789051,0.211425
calibration,nitrate,model,1.811708,0.16787
calibration,nitrate,model,1.833886,0.132553
calibration,nitrate,model,1.855804,0.10399
calibration,nitrate,model,1.877676,0.080959
calibration,nitrate,model,1.899711,0.062464
calibration,nitrate,model,1.922115,0.047687
calibration,nitrate,model,1.945093,0.03596
calibration,nitrate,model,1.968857,0.026732
calibration,nitrate,model,1.993625,0.019546
calibration,nitrate,model,2.019629,0.014021
calibration,nitrate,model,2.046915,0.009865
calibration,nitrate,model,2.072921,0.007041
calibration,nitrate,model,2.098628,0.005035
calibration,nitrate,model,2.124546,0.003586
calibration,nitrate,model,2.151019,0.002532
calibration,nitrate,model,2.178328,0.001766
calibration,nitrate,model,2.206733,0.001212
calibration,nitrate,model,2.236493,0.000833
calibration,nitrate,model,2.267951,0.000617
calibration,nitrate,model,2.300482,0.000487
calibration,nitrate,model,2.336111,0.000395
calibration,nitrate,model,2.374207,0.000329
calibration,nitrate,model,2.415429,0.000278
calibration,nitrate,model,2.460379,0.000238
calibration,nitrate,model,2.509831,0.000205
calibration,nitrate,model,2.564818,0.000178
calibration,nitrate,model,2.626799,0.000155
calibration,nitrate,model,2.698053,0.000134
calibration,nitrate,model,2.782919,0.000116
calibration,nitrate,model,2.878919,0.000101
calibration,nitrate,model,2.974919,8.9e-05
calibration,nitrate,model,3.070919,7.9e-05
calibration,nitrate,model,3.166919,7.2e-05
calibration,nitrate,model,3.262919,6.5e-05
calibration,nitrate,model,3.358919,6e-05
calibration,nitrate,model,3.454919,5.5e-05
calibration,nitrate,model,3.550919,5.2e-05
calibration,nitrate,model,3.646919,4.8e-05
calibration,nitrate,model,3.742919,4.5e-05
calibration,nitrate,model,3.838919,4.3e-05
calibration,nitrate,model,3.934919,4e-05
calibration,nitrate,model,4.030919,3.8e-05
calibration,nitrate,model,4.126919,3.6e-05
calibration,nitrate,model,4.222919,3.5e-05
calibration,nitrate,model,4.318919,3.3e-05
calibration,nitrate,model,4.414919,3.2e-05
calibration,nitrate,model,4.510919,3e-05
calibration,nitrate,model,4.606919,2.9e-05
calibration,nitrate,model,4.702919,2.8e-05
calibration,nitrate,model,4.798919,2.7e-05
calibration,nitrate,model,4.8,2.7e-05
validation,sulfide,measured,0.0,16.0
validation,sulfide,measured,0.2,5.0
validation,sulfide,measured,0.333333,0.4
validation,sulfide,measured,0.5,0.4
validation,sulfide,measured,1.0,0.4
validation,sulfide,measured,1.5,0.35
validation,sulfide,measured,2.0,0.15
validation,sulfide,measured,2.5,0.15
validation,sulfide,measured,3.166667,1.2
validation,sulfide,measured,3.5,2.0
validation,sulfide,measured,4.0,4.0
validation,sulfide,measured,5.0,7.5
validation,sulfide,model,0.0,16.0
validation,sulfide,model,0.000516,15.975548
validation,sulfide,model,0.001839,15.912875
validation,sulfide,model,0.00338,15.839948
validation,sulfide,model,0.005275,15.750316
validation,sulfide,model,0.00759,15.640921
validation,sulfide,model,0.010415,15.507601
validation,sulfide,model,0.013943,15.341299
validation,sulfide,model,0.018526,15.125663
validation,sulfide,model,0.024514,14.844578
validation,sulfide,model,0.032413,14.475068
validation,sulfide,model,0.042936,13.984981
validation,sulfide,model,0.057115,13.32887
validation,sulfide,model,0.076457,12.442132
validation,sulfide,model,0.103214,11.232888
validation,sulfide,model,0.140838,9.571927
validation,sulfide,model,0.195004,7.28177
validation,sulfide,model,0.248941,5.162985
validation,sulfide,model,0.292104,3.633678
validation,sulfide,model,0.326705,2.556808
validation,sulfide,model,0.354871,1.807671
validation,sulfide,model,0.37818,1.291134
validation,sulfide,model,0.397938,0.933795
validation,sulfide,model,0.415249,0.682416
validation,sulfide,model,0.430961,0.501762
validation,sulfide,model,0.445681,0.369545
validation,sulfide,model,0.459841,0.271551
validation,sulfide,model,0.473762,0.198408
validation,sulfide,model,0.487694,0.143691
validation,sulfide,model,0.501847,0.102843
validation,sulfide,model,0.516411,0.072527
validation,sulfide,model,0.531563,0.050242
validation,sulfide,model,0.547482,0.034073
validation,sulfide,model,0.564358,0.022539
validation,sulfide,model,0.582398,0.014482
validation,sulfide,model,0.601842,0.008995
validation,sulfide,model,0.622973,0.005372
validation,sulfide,model,0.646135,0.003066
validation,sulfide,model,0.671762,0.001663
validation,sulfide,model,0.700416,0.000862
validation,sulfide,model,0.731049,0.000548
validation,sulfide,model,0.764274,0.000396
validation,sulfide,model,0.81939,0.000278
validation,sulfide,model,0.89994,0.000201
validation,sulfide,model,0.99594,0.000159
validation,sulfide,model,1.09194,0.000137
validation,sulfide,model,1.18794,0.000125
validation,sulfide,model,1.28394,0.00012
validation,sulfide,model,1.37994,0.000123
validation,sulfide,model,1.47594,0.000144
validation,sulfide,model,1.57194,0.000178
validation,sulfide,model,1.660739,0.000226
validation,sulfide,model,1.740894,0.00029
validation,sulfide,model,1.813329,0.000377
validation,sulfide,model,1.878467,0.000492
validation,sulfide,model,1.93699,0.000645
validation,sulfide,model,1.989895,0.000846
validation,sulfide,model,2.037984,0.00111
validation,sulfide,model,2.08191,0.001452
validation,sulfide,model,2.122221,0.001894
validation,sulfide,model,2.159393,0.002462
validation,sulfide,model,2.193848,0.003184
validation,sulfide,model,2.225971,0.004099
validation,sulfide,model,2.256119,0.005252
validation,sulfide,model,2.284633,0.006703
validation,sulfide,model,2.311836,0.008528
validation,sulfide,model,2.338037,0.010827
validation,sulfide,model,2.363531,0.013735
validation,sulfide,model,2.388598,0.017431
validation,sulfide,model,2.4135,0.02216
validation,sulfide,model,2.438488,0.02825
validation,sulfide,model,2.463804,0.036142
validation,sulfide,model,2.489684,0.046422
validation,sulfide,model,2.516363,0.059856
validation,sulfide,model,2.543691,0.077142
validation,sulfide,model,2.569823,0.097467
validation,sulfide,model,2.595482,0.121359
validation,sulfide,model,2.621041,0.149184
validation,sulfide,model,2.6468,0.181258
validation,sulfide,model,2.67303,0.217846
validation,sulfide,model,2.699993,0.259163
validation,sulfide,model,2.727955,0.305384
validation,sulfide,model,2.757185,0.35665
validation,sulfide,model,2.787968,0.413089
validation,sulfide,model,2.820607,0.474811
validation,sulfide,model,2.859305,0.549153
validation,sulfide,model,2.891927,0.612091
validation,sulfide,model,2.933418,0.692013
validation,sulfide,model,2.981746,0.784533
validation,sulfide,model,3.037754,0.89063
validation,sulfide,model,3.102524,1.011494
validation,sulfide,model,3.17872,1.150855
validation,sulfide,model,3.273479,1.319565
validation,sulfide,model,3.369479,1.485003
validation,sulfide,model,3.465479,1.644722
validation,sulfide,model,3.561479,1.798581
validation,sulfide,model,3.657479,1.946479
validation,sulfide,model,3.753479,2.088348
validation,sulfide,model,3.849479,2.224144
validation,sulfide,model,3.945479,2.353848
validation,sulfide,model,4.041479,2.477464
validation,sulfide,model,4.137479,2.595022
validation,sulfide,model,4.233479,2.706575
validation,sulfide,model,4.329479,2.812204
validation,sulfide,model,4.425479,2.912016
validation,sulfide,model,4.521479,3.006147
validation,sulfide,model,4.617479,3.094761
validation,sulfide,model,4.713479,3.17805
validation,sulfide,model,4.8,3.248736
validation,sulfate,measured,0.0,2.0
validation,sulfate,measured,0.2,3.8
validation,sulfate,measured,0.333333,4.333333
validation,sulfate,measured,0.5,4.666667
validation,sulfate,measured,1.0,7.333333
validation,sulfate,measured,1.5,11.333333
validation,sulfate,measured,2.0,12.666667
validation,sulfate,measured,2.5,16.0
validation,sulfate,measured,3.166667,14.666667
validation,sulfate,measured,3.5,12.0
validation,sulfate,measured,4.0,13.0
validation,sulfate,measured,5.0,5.3
validation,sulfate,model,0.0,2.0
validation,sulfate,model,0.000516,2.004134
validation,sulfate,model,0.001839,2.014734
validation,sulfate,model,0.00338,2.027077
validation,sulfate,model,0.005275,2.04226
validation,sulfate,model,0.00759,2.060811
validation,sulfate,model,0.010415,2.08345
validation,sulfate,model,0.013943,2.111734
validation,sulfate,model,0.018526,2.148486
validation,sulfate,model,0.024514,2.196525
validation,sulfate,model,0.032413,2.259907
validation,sulfate,model,0.042936,2.344392
validation,sulfate,model,0.057115,2.458277
validation,sulfate,model,0.076457,2.613711
validation,sulfate,model,0.103214,2.828795
validation,sulfate,model,0.140838,3.131191
validation,sulfate,model,0.195004,3.566024
validation,sulfate,model,0.248941,3.997851
validation,sulfate,model,0.292104,4.342223
validation,sulfate,model,0.326705,4.617347
validation,sulfate,model,0.354871,4.840596
validation,sulfate,model,0.37818,5.024827
validation,sulfate,model,0.397938,5.180605
validation,sulfate,model,0.415249,5.316781
validation,sulfate,model,0.430961,5.440128
validation,sulfate,model,0.445681,5.555465
validation,sulfate,model,0.459841,5.666207
validation,sulfate,model,0.473762,5.774871
validation,sulfate,model,0.487694,5.88342
validation,sulfate,model,0.501847,5.993486
validation,sulfate,model,0.516411,6.106511
validation,sulfate,model,0.531563,6.223854
validation,sulfate,model,0.547482,6.346861
validation,sulfate,model,0.564358,6.476943
validation,sulfate,model,0.582398,6.615636
validation,sulfate,model,0.601842,6.764686
validation,sulfate,model,0.622973,6.92614
validation,sulfate,model,0.646135,7.102478
validation,sulfate,model,0.671762,7.296785
validation,sulfate,model,0.700416,7.513009
validation,sulfate,model,0.731049,7.742924
validation,sulfate,model,0.764274,7.990782
validation,sulfate,model,0.81939,8.398313
validation,sulfate,model,0.89994,8.985101
validation,sulfate,model,0.99594,9.669325
validation,sulfate,model,1.09194,10.334917
validation,sulfate,model,1.18794,10.979142
validation,sulfate,model,1.28394,11.598752
validation,sulfate,model,1.37994,12.189899
validation,sulfate,model,1.47594,12.748046
validation,sulfate,model,1.57194,13.267911
validation,sulfate,model,1.660739,13.709478
validation,sulfate,model,1.740894,14.071153
validation,sulfate,model,1.813329,14.364394
validation,sulfate,model,1.878467,14.598365
validation,sulfate,model,1.93699,14.782934
validation,sulfate,model,1.989895,14.927961
validation,sulfate,model,2.037984,15.041382
validation,sulfate,model,2.08191,15.129621
validation,sulfate,model,2.122221,15.197893
validation,sulfate,model,2.159393,15.250432
validation,sulfate,model,2.193848,15.290645
validation,sulfate,model,2.225971,15.321253
validation,sulfate,model,2.256119,15.34439
validation,sulfate,model,2.284633,15.361708
validation,sulfate,model,2.311836,15.374454
validation,sulfate,model,2.338037,15.383539
validation,sulfate,model,2.363531,15.389601
validation,sulfate,model,2.388598,15.393045
validation,sulfate,model,2.4135,15.394074
validation,sulfate,model,2.438488,15.392709
validation,sulfate,model,2.463804,15.38879
validation,sulfate,model,2.489684,15.381964
validation,sulfate,model,2.516363,15.371671
validation,sulfate,model,2.543691,15.357364
validation,sulfate,model,2.569823,15.339817
validation,sulfate,model,2.595482,15.3187
validation,sulfate,model,2.621041,15.293762
validation,sulfate,model,2.6468,15.26477
validation,sulfate,model,2.67303,15.231522
validation,sulfate,model,2.699993,15.193848
validation,sulfate,model,2.727955,15.15161
validation,sulfate,model,2.757185,15.104696
validation,sulfate,model,2.787968,15.053003
validation,sulfate,model,2.820607,14.996439
validation,sulfate,model,2.859305,14.928289
validation,sulfate,model,2.891927,14.870584
validation,sulfate,model,2.933418,14.7973
validation,sulfate,model,2.981746,14.712462
validation,sulfate,model,3.037754,14.615176
validation,sulfate,model,3.102524,14.504351
validation,sulfate,model,3.17872,14.376575
validation,sulfate,model,3.273479,14.221909
validation,sulfate,model,3.369479,14.070264
validation,sulfate,model,3.465479,13.923887
validation,sulfate,model,3.561479,13.782908
validation,sulfate,model,3.657479,13.64742
validation,sulfate,model,3.753479,13.517487
validation,sulfate,model,3.849479,13.393148
validation,sulfate,model,3.945479,13.274421
validation,sulfate,model,4.041479,13.161301
validation,sulfate,model,4.137479,13.053763
validation,sulfate,model,4.233479,12.951755
validation,sulfate,model,4.329479,12.855204
validation,sulfate,model,4.425479,12.764011
validation,sulfate,model,4.521479,12.678049
validation,sulfate,model,4.617479,12.597168
validation,sulfate,model,4.713479,12.521189
validation,sulfate,model,4.8,12.456745
validation,VFA,measured,0.0,16.1
validation,VFA,measured,0.2,8.5
validation,VFA,measured,0.333333,8.29
validation,VFA,measured,0.5,7.65
validation,VFA,measured,1.0,5.77
validation,VFA,measured,1.5,7.8
validation,VFA,measured,2.0,9.96
validation,VFA,measured,2.5,6.65
validation,VFA,measured,3.166667,10.1
validation,VFA,measured,3.5,6.65
validation,VFA,measured,4.0,6.5
validation,VFA,measured,5.0,8.0
validation,VFA,model,0.0,16.0
validation,VFA,model,0.000516,15.983031
validation,VFA,model,0.001839,15.939551
validation,VFA,model,0.00338,15.888982
validation,VFA,model,0.005275,15.826865
validation,VFA,model,0.00759,15.751108
validation,VFA,model,0.010415,15.658862
validation,VFA,model,0.013943,15.54392
validation,VFA,model,0.018526,15.395087
validation,VFA,model,0.024514,15.20143
validation,VFA,model,0.032413,14.947458
validation,VFA,model,0.042936,14.611673
validation,VFA,model,0.057115,14.164038
validation,VFA,model,0.076457,13.562523
validation,VFA,model,0.103214,12.748662
validation,VFA,model,0.140838,11.642751
validation,VFA,model,0.195004,10.139689
validation,VFA,model,0.248941,8.768376
validation,VFA,model,0.292104,7.784831
validation,VFA,model,0.326705,7.089242
validation,VFA,model,0.354871,6.597596
validation,VFA,model,0.37818,6.248895
validation,VFA,model,0.397938,5.997502
validation,VFA,model,0.415249,5.810607
validation,VFA,model,0.430961,5.666434
validation,VFA,model,0.445681,5.551111
validation,VFA,model,0.459841,5.455716
validation,VFA,model,0.473762,5.374291
validation,VFA,model,0.487694,5.302682
validation,VFA,model,0.501847,5.237866
validation,VFA,model,0.516411,5.177547
validation,VFA,model,0.531563,5.119915
validation,VFA,model,0.547482,5.06348
validation,VFA,model,0.564358,5.006972
validation,VFA,model,0.582398,4.949255
validation,VFA,model,0.601842,4.889268
validation,VFA,model,0.622973,4.82597
validation,VFA,model,0.646135,4.75828
validation,VFA,model,0.671762,4.685019
validation,VFA,model,0.700416,4.604832
validation,VFA,model,0.731049,4.520921
validation,VFA,model,0.764274,4.431945
validation,VFA,model,0.81939,4.289108
validation,VFA,model,0.89994,4.091644
validation,VFA,model,0.99594,3.87537
validation,VFA,model,1.09194,3.682172
validation,VFA,model,1.18794,3.514949
validation,VFA,model,1.28394,3.377144
validation,VFA,model,1.37994,3.27292
validation,VFA,model,1.47594,3.207416
validation,VFA,model,1.57194,3.187154
validation,VFA,model,1.660739,3.216021
validation,VFA,model,1.740894,3.288829
validation,VFA,model,1.813329,3.399995
validation,VFA,model,1.878467,3.543452
validation,VFA,model,1.93699,3.713423
validation,VFA,model,1.989895,3.905601
validation,VFA,model,2.037984,4.116017
validation,VFA,model,2.08191,4.340731
validation,VFA,model,2.122221,4.575679
validation,VFA,model,2.159393,4.816638
validation,VFA,model,2.193848,5.059302
validation,VFA,model,2.225971,5.299449
validation,VFA,model,2.256119,5.533168
validation,VFA,model,2.284633,5.757084
validation,VFA,model,2.311836,5.968512
validation,VFA,model,2.338037,6.165508
validation,VFA,model,2.363531,6.346816
validation,VFA,model,2.388598,6.511748
validation,VFA,model,2.4135,6.660028
validation,VFA,model,2.438488,6.791636
validation,VFA,model,2.463804,6.906654
validation,VFA,model,2.489684,7.005113
validation,VFA,model,2.516363,7.086861
validation,VFA,model,2.543691,7.150676
validation,VFA,model,2.569823,7.193841
validation,VFA,model,2.595482,7.220282
validation,VFA,model,2.621041,7.232045
validation,VFA,model,2.6468,7.230465
validation,VFA,model,2.67303,7.216481
validation,VFA,model,2.699993,7.190792
validation,VFA,model,2.727955,7.153949
validation,VFA,model,2.757185,7.106381
validation,VFA,model,2.787968,7.048412
validation,VFA,model,2.820607,6.980274
validation,VFA,model,2.859305,6.893582
validation,VFA,model,2.891927,6.817189
validation,VFA,model,2.933418,6.716955
validation,VFA,model,2.981746,6.597045
validation,VFA,model,3.037754,6.454984
validation,VFA,model,3.102524,6.287655
validation,VFA,model,3.17872,6.087765
validation,VFA,model,3.273479,5.835978
validation,VFA,model,3.369479,5.578625
validation,VFA,model,3.465479,5.32023
validation,VFA,model,3.561479,5.061931
validation,VFA,model,3.657479,4.804813
validation,VFA,model,3.753479,4.549928
validation,VFA,model,3.849479,4.298306
validation,VFA,model,3.945479,4.050955
validation,VFA,model,4.041479,3.808858
validation,VFA,model,4.137479,3.57297
validation,VFA,model,4.233479,3.344207
validation,VFA,model,4.329479,3.123442
validation,VFA,model,4.425479,2.911494
validation,VFA,model,4.521479,2.709113
validation,VFA,model,4.617479,2.516971
validation,VFA,model,4.713479,2.335645
validation,VFA,model,4.8,2.181876
validation,nitrate,measured,0.0,33.0
validation,nitrate,measured,0.2,27.9
validation,nitrate,measured,0.333333,23.5
validation,nitrate,measured,0.5,18.2
validation,nitrate,measured,1.0,12.0
validation,nitrate,measured,1.5,4.5
validation,nitrate,measured,2.0,1.4
validation,nitrate,measured,2.5,0.8
validation,nitrate,measured,3.166667,0.8
validation,nitrate,measured,3.5,0.8
validation,nitrate,measured,4.0,0.8
validation,nitrate,measured,5.0,0.8
validation,nitrate,model,0.0,33.0
validation,nitrate,model,0.000516,32.985394
validation,nitrate,model,0.001839,32.947948
validation,nitrate,model,0.00338,32.904359
validation,nitrate,model,0.005275,32.850764
validation,nitrate,model,0.00759,32.785318
validation,nitrate,model,0.010415,32.705507
validation,nitrate,model,0.013943,32.605872
validation,nitrate,model,0.018526,32.476545
validation,nitrate,model,0.024514,32.307733
validation,nitrate,model,0.032413,32.085403
validation,nitrate,model,0.042936,31.789769
validation,nitrate,model,0.057115,31.392557
validation,nitrate,model,0.076457,30.852895
validation,nitrate,model,0.103214,30.111015
validation,nitrate,model,0.140838,29.078369
validation,nitrate,model,0.195004,27.6185
validation,nitrate,model,0.248941,26.206805
validation,nitrate,model,0.292104,25.119067
validation,nitrate,model,0.326705,24.283769
validation,nitrate,model,0.354871,23.634628
validation,nitrate,model,0.37818,23.122137
validation,nitrate,model,0.397938,22.706835
validation,nitrate,model,0.415249,22.357595
validation,nitrate,model,0.430961,22.05188
validation,nitrate,model,0.445681,21.774285
validation,nitrate,model,0.459841,21.514255
validation,nitrate,model,0.473762,21.264263
validation,nitrate,model,0.487694,21.018637
validation,nitrate,model,0.501847,20.772837
validation,nitrate,model,0.516411,20.523004
validation,nitrate,model,0.531563,20.265651
validation,nitrate,model,0.547482,19.997444
validation,nitrate,model,0.564358,19.715012
validation,nitrate,model,0.582398,19.414782
validation,nitrate,model,0.601842,19.092792
validation,nitrate,model,0.622973,18.744475
validation,nitrate,model,0.646135,18.364376
validation,nitrate,model,0.671762,17.94577
validation,nitrate,model,0.700416,17.480112
validation,nitrate,model,0.731049,16.985099
validation,nitrate,model,0.764274,16.451598
validation,nitrate,model,0.81939,15.574857
validation,nitrate,model,0.89994,14.313928
validation,nitrate,model,0.99594,12.846833
validation,nitrate,model,1.09194,11.424202
validation,nitrate,model,1.18794,10.052441
validation,nitrate,model,1.28394,8.738368
validation,nitrate,model,1.37994,7.489144
validation,nitrate,model,1.47594,6.312159
validation,nitrate,model,1.57194,5.214911
validation,nitrate,model,1.660739,4.277428
validation,nitrate,model,1.740894,3.500072
validation,nitrate,model,1.813329,2.857368
validation,nitrate,model,1.878467,2.330421
validation,nitrate,model,1.93699,1.900054
validation,nitrate,model,1.989895,1.547474
validation,nitrate,model,2.037984,1.258134
validation,nitrate,model,2.08191,1.02063
validation,nitrate,model,2.122221,0.825858
validation,nitrate,model,2.159393,0.666429
validation,nitrate,model,2.193848,0.536259
validation,nitrate,model,2.225971,0.43028
validation,nitrate,model,2.256119,0.344235
validation,nitrate,model,2.284633,0.274544
validation,nitrate,model,2.311836,0.218208
validation,nitrate,model,2.338037,0.172736
validation,nitrate,model,2.363531,0.13608
validation,nitrate,model,2.388598,0.106575
validation,nitrate,model,2.4135,0.082878
validation,nitrate,model,2.438488,0.063903
validation,nitrate,model,2.463804,0.048777
validation,nitrate,model,2.489684,0.036792
validation,nitrate,model,2.516363,0.027369
validation,nitrate,model,2.543691,0.020123
validation,nitrate,model,2.569823,0.014943
validation,nitrate,model,2.595482,0.011124
validation,nitrate,model,2.621041,0.00827
validation,nitrate,model,2.6468,0.006121
validation,nitrate,model,2.67303,0.004496
validation,nitrate,model,2.699993,0.003268
validation,nitrate,model,2.727955,0.002342
validation,nitrate,model,2.757185,0.001651
validation,nitrate,model,2.787968,0.001139
validation,nitrate,model,2.820607,0.00079
validation,nitrate,model,2.859305,0.000576
validation,nitrate,model,2.891927,0.000468
validation,nitrate,model,2.933418,0.000378
validation,nitrate,model,2.981746,0.000308
validation,nitrate,model,3.037754,0.000254
validation,nitrate,model,3.102524,0.000211
validation,nitrate,model,3.17872,0.000175
validation,nitrate,model,3.273479,0.000145
validation,nitrate,model,3.369479,0.000123
validation,nitrate,model,3.465479,0.000107
validation,nitrate,model,3.561479,9.5e-05
validation,nitrate,model,3.657479,8.5e-05
validation,nitrate,model,3.753479,7.7e-05
validation,nitrate,model,3.849479,7e-05
validation,nitrate,model,3.945479,6.5e-05
validation,nitrate,model,4.041479,6e-05
validation,nitrate,model,4.137479,5.6e-05
validation,nitrate,model,4.233479,5.2e-05
validation,nitrate,model,4.329479,4.9e-05
validation,nitrate,model,4.425479,4.7e-05
validation,nitrate,model,4.521479,4.4e-05
validation,nitrate,model,4.617479,4.2e-05
validation,nitrate,model,4.713479,4e-05
validation,nitrate,model,4.8,3.8e-05
